{"cameraMode":{"drawMode":0,"name":"Shaded","section":"Shading Mode"},"sceneLighting":false,"audioPlay":false,"sceneViewState":{"showFog":true,"showMaterialUpdate":true,"showSkybox":false,"showFlares":true,"showImageEffects":true,"showParticleSystems":true},"in2DMode":false,"pivot":{"x":273.4132385253906,"y":200.2374267578125,"z":-57.34100341796875},"rotation":{"x":0.2715752124786377,"y":0.0913662239909172,"z":-0.025966385379433633,"w":0.9577452540397644},"size":383.1625061035156,"orthographic":false}