{"cameraMode":{"drawMode":0,"name":"Shaded","section":"Shading Mode"},"sceneLighting":false,"audioPlay":false,"sceneViewState":{"showFog":true,"showMaterialUpdate":true,"showSkybox":false,"showFlares":true,"showImageEffects":true,"showParticleSystems":true},"in2DMode":false,"pivot":{"x":25.287147521972658,"y":-0.47495192289352419,"z":-1.3378922939300538},"rotation":{"x":0.05185476318001747,"y":-0.9401581287384033,"z":0.2927149832248688,"w":0.16704966127872468},"size":4.974817276000977,"orthographic":false}