{"cameraMode":{"drawMode":0,"name":"Shaded","section":"Shading Mode"},"sceneLighting":false,"audioPlay":false,"sceneViewState":{"showFog":true,"showMaterialUpdate":true,"showSkybox":false,"showFlares":true,"showImageEffects":true,"showParticleSystems":true},"in2DMode":false,"pivot":{"x":129.47000122070313,"y":20.032211303710939,"z":0.0},"rotation":{"x":0.011383750475943089,"y":-0.9886003732681274,"z":0.10299640148878098,"w":0.10929438471794129},"size":93.55159759521485,"orthographic":false}