{"cameraMode":{"drawMode":0,"name":"Shaded","section":"Shading Mode"},"sceneLighting":false,"audioPlay":false,"sceneViewState":{"showFog":true,"showMaterialUpdate":true,"showSkybox":false,"showFlares":true,"showImageEffects":true,"showParticleSystems":true},"in2DMode":false,"pivot":{"x":790.567626953125,"y":414.0166931152344,"z":28.636444091796876},"rotation":{"x":0.2715752124786377,"y":0.0913662239909172,"z":-0.025966385379433633,"w":0.9577452540397644},"size":96.61573791503906,"orthographic":false}