{"cameraMode":{"drawMode":0,"name":"Shaded","section":"Shading Mode"},"sceneLighting":false,"audioPlay":false,"sceneViewState":{"showFog":true,"showMaterialUpdate":true,"showSkybox":false,"showFlares":true,"showImageEffects":true,"showParticleSystems":true},"in2DMode":false,"pivot":{"x":2.802795171737671,"y":7.121825695037842,"z":1.9444454908370972},"rotation":{"x":0.259100079536438,"y":-0.27016493678092959,"z":0.07567912340164185,"w":0.9242305755615234},"size":1.7623417377471924,"orthographic":false}