{"cameraMode":{"drawMode":0,"name":"Shaded","section":"Shading Mode"},"sceneLighting":false,"audioPlay":false,"sceneViewState":{"showFog":true,"showMaterialUpdate":true,"showSkybox":false,"showFlares":true,"showImageEffects":true,"showParticleSystems":true},"in2DMode":false,"pivot":{"x":370.5044860839844,"y":135.33712768554688,"z":-36.69598388671875},"rotation":{"x":0.12272205948829651,"y":-0.26742619276046755,"z":0.03446169197559357,"w":0.9551733136177063},"size":497.8940734863281,"orthographic":false}