{"cameraMode":{"drawMode":0,"name":"Shaded","section":"Shading Mode"},"sceneLighting":true,"audioPlay":false,"sceneViewState":{"showFog":true,"showMaterialUpdate":true,"showSkybox":true,"showFlares":true,"showImageEffects":true,"showParticleSystems":true},"in2DMode":false,"pivot":{"x":-9.663241386413575,"y":-6.736758708953857,"z":-169.95950317382813},"rotation":{"x":-0.06124008819460869,"y":-0.2645306885242462,"z":0.015936333686113359,"w":-0.9624619483947754},"size":10.0,"orthographic":false}