{"cameraMode":{"drawMode":0,"name":"Shaded","section":"Shading Mode"},"sceneLighting":false,"audioPlay":false,"sceneViewState":{"showFog":true,"showMaterialUpdate":true,"showSkybox":false,"showFlares":true,"showImageEffects":true,"showParticleSystems":true},"in2DMode":false,"pivot":{"x":391.2828369140625,"y":69.70853424072266,"z":2.314218521118164},"rotation":{"x":0.27098461985588076,"y":0.051093939691782,"z":-0.014464042149484158,"w":0.9611444473266602},"size":15.07352066040039,"orthographic":false}